name;twitter;Group ID;Chamber
AMORUSO Francesco Maria;Framoruso;AL-A;Senate
ARACRI Francesco;AracriFrancesco;FI-PDL;Senate
ARRIGONI Paolo;arrigoni_paolo;LEGA;Senate
ASTORRE Bruno;BrunoAstorre;PD;Senate
Airola Alberto;AlbertoAirola;M5S;Senate
Albano Donatella;DonatellaAlbano;PD;Senate
Anitori Fabiola;fabiolaanitori;AP;Senate
BERNINI Anna Maria;BerniniAM;FI-PDL;Senate
BERTACCO Stefano;BertaccoS;FI-PDL;Senate
BERTUZZI Maria Teresa;mtbertuzzi;PD;Senate
BIANCONI Laura;lauradicesena;AP;Senate
BISINELLA Patrizia;PBisinella;MISTO;Senate
BONDI Sandro;sandrobondi;MISTO;Senate
BORIOLI Daniele Gaetano;DanieleBorioli;PD;Senate
BROGLIA Claudio;Claudio_Broglia;PD;Senate
BUBBICO Filippo;filippobubbico;MISTO;Senate
BUEMI Enrico;BUEMIENRICO;GAL;Senate
Battista Lorenzo;lor_bat;MISTO;Senate
Bencini Alessandra;alessandrabenci;MISTO;Senate
Bertorotta Ornella;OBertorotta;M5S;Senate
Bianco Amedeo;bianco_amedeo;PD;Senate
Bignami Laura;LauraBignami1;MISTO;Senate
Blundo Rosetta Enza;enzablundo1;M5S;Senate
Bocchino Fabrizio;fbocchino;MISTO;Senate
Bottici Laura;LauraBottici;M5S;Senate
Buccarella Maurizio;MBuccarella;M5S;Senate
Bulgarelli Elisa;bulgarellielisa;M5S;Senate
CALEO Massimo;Massimo_Caleo;PD;Senate
CANDIANI Stefano;CandianiStefano;LEGA;Senate
CANTINI Laura;CantiniL;PD;Senate
CASINI Pier Ferdinando;Pierferdinando;AP;Senate
CASSANO Massimo;MassimoCassano;AP;Senate
CERONI Remigio;RemigioCeroni;FI-PDL;Senate
CHIAVAROLI Federica;fedechiavaroli;AP;Senate
CHITI Vannino;VanninoChiti;PD;Senate
CIRINNA' Monica;MonicaCirinna;PD;Senate
CONTE Franco;francoconte52;AP;Senate
CORSINI Paolo;PaoloCorsini2;MISTO;Senate
CRIMI Vito Claudio;vitocrimi;M5S;Senate
Campanella Francesco;cicci1;MISTO;Senate
Capacchione Rosaria;RosCapacchione;PD;Senate
Cappelletti Enrico;e_cappelletti;M5S;Senate
Casaletto Monica;mcasa68;GAL;Senate
Castaldi Gianluca;gianlucavasto;M5S;Senate
Catalfo Nunzia;CatalfoNunzia;M5S;Senate
Centinaio Gian Marco;giamma71;LEGA;Senate
Cioffi Andrea;andrea_cioffi;M5S;Senate
Cociancich Roberto;corsaro_rosso;PD;Senate
Collina Stefano;CollinaStefano;PD;Senate
Cucca Giuseppe Luigi;GiuseppeLuigiCu;PD;Senate
D'ADDA Erica;ericadadda;PD;Senate
D'ALI' Antonio;daliantonio;FI-PDL;Senate
D'ANNA Vincenzo;vincenzodanna51;AL-A;Senate
D'Ascola Vincenzo Mario Domenico;NICODASCOLA;AP;Senate
D'Onghia Angela;Angela_Donghia;GAL;Senate
DAVICO Michelino;michdavico;GAL;Senate
DE BIASI Emilia Grazia;EmiliaDeBiasi;PD;Senate
DE CRISTOFARO Peppe;pepdecr;MISTO;Senate
DE PETRIS Loredana;PetrisDe;MISTO;Senate
DE POLI Antonio;AntonioDePoli;MISTO;Senate
DE SIANO Domenico;DomenicoDeSiano;FI-PDL;Senate
DEL BARBA Mauro;emmedibi;PD;Senate
DELLA VEDOVA Benedetto;bendellavedova;MISTO;Senate
DI BIAGIO Aldo;AldoDiBiagio;AP;Senate
DI GIORGI Rosa Maria;RosaMDiGiorgi;PD;Senate
DIVINA Sergio;SergioDivina;LEGA;Senate
De Pin Paola;paoladepin;GAL;Senate
Donno Daniela;DanielaDonno;M5S;Senate
ESPOSITO Giuseppe;peppexpo;MISTO;Senate
ESPOSITO Stefano;stefanoesposito;PD;Senate
FASIOLO Laura;fasiolo_laura;PD;Senate
FAVERO Nicoletta;NicolettaFavero;PD;Senate
FILIPPI Marco;marcofilippi_li;PD;Senate
FILIPPIN Rosanna;FilippinRosanna;PD;Senate
FINOCCHIARO Anna;FinocchiaroAnna;PD;Senate
FISSORE Elena;Elena_Fissore;PD;Senate
FORMIGONI Roberto;r_formigoni;AP;Senate
FORNARO Federico;Fornaro62;MISTO;Senate
FRAVEZZI Vittorio;VFravezzi;GAL;Senate
Fabbri Camilla;camillafabbripd;PD;Senate
Fattorini Emma;EmmaFattorini;PD;Senate
Fedeli Valeria;valeriafedeli;PD;Senate
Fucksia Serenella;SFUCKSIA;MISTO;Senate
GASPARRI Maurizio;gasparripdl;FI-PDL;Senate
GIBIINO Vincenzo;gibiino_v;FI-PDL;Senate
GIOVANARDI Carlo;SenGiovanardi;GAL;Senate
GIRO Francesco Maria;fgiro3;FI-PDL;Senate
Gaetti Luigi;LuigiGaetti;M5S;Senate
Galimberti Paolo;paogalimberti;FI-PDL;Senate
Giannini Stefania;SteGiannini;PD;Senate
Girotto Gianni;GianniGirotto;M5S;Senate
Gotor Miguel;GotorMiguel;MISTO;Senate
Grasso Pietro;PietroGrasso;PD;Senate
Gualdani Marcello;GualdaniMarcell;AP;Senate
Guerra Maria Cecilia;mceciguerra;MISTO;Senate
Guerrieri Paleotti Paolo;PaoloGuerrieriP;PD;Senate
ICHINO Pietro;PietroIchino;PD;Senate
IDEM Josefa;josefaidem;PD;Senate
LAI Bachisio Silvio;silviolai;PD;Senate
LANGELLA Pietro;Langella_Pietro;AL-A;Senate
LANIECE Albert;albertlaniece;GAL;Senate
LANZILLOTTA Linda;l_lanzillotta;PD;Senate
LATORRE Nicola;Latorrenicola;PD;Senate
LEPRI Stefano;stefanolepri;PD;Senate
LO GIUDICE Sergio;SergioLoGiudice;PD;Senate
LONGO Eva;;AL-A;Senate
LUMIA Giuseppe;Giuseppe_Lumia;PD;Senate
Lezzi Barbara;barbaralezzi;M5S;Senate
Lucidi Stefano;sfnlcd;M5S;Senate
MALAN Lucio;luciomalan;FI-PDL;Senate
MANASSERO Patrizia;patriziamanas;PD;Senate
MANCUSO Bruno;bmancuso8;AP;Senate
MANDELLI Andrea;mandelli_andrea;FI-PDL;Senate
MARAN Alessandro;MaranAlessandro;PD;Senate
MARGIOTTA Salvatore;s_margiotta;PD;Senate
MARIN Marco;Marin63Marco;FI-PDL;Senate
MARINO Mauro Maria;mauro_m_marino;PD;Senate
MAURO Giovanni;GiovanniMauro62;GAL;Senate
MAURO Mario;MarioMauro;FI-PDL;Senate
MAZZONI Riccardo;MazzoniRiccardo;AL-A;Senate
MILO Antonio;SenAntonioMilo;AL-A;Senate
MIRABELLI Franco;FraMirabelli;PD;Senate
MONTI Mario;SenatoreMonti;MISTO;Senate
MOSCARDELLI Claudio;ClaMoscardelli;PD;Senate
MUNERATO Emanuela;ManuMunerato;MISTO;Senate
Manconi Luigi;LuigiManconi1;PD;Senate
Marcucci Andrea;AndreaMarcucci;PD;Senate
Marino Luigi;SenLuigiMarino;AP;Senate
Martelli Carlo;Carlo_Martelli;M5S;Senate
Mattesini Donatella;donemattesini;PD;Senate
Mineo Corradino;CorradinoMineo;MISTO;Senate
Minzolini Augusto;AugustoMinzolin;FI-PDL;Senate
Molinari Francesco;francobrando;MISTO;Senate
Montevecchi Michela;m_montevecchi;M5S;Senate
Moronese Vilma;vilmamoronese;M5S;Senate
Morra Nicola;NicolaMorra63;M5S;Senate
Mucchetti Massimo;vado_al_massimo;PD;Senate
Mussini Maria;MariaMussini;MISTO;Senate
NENCINI Riccardo;nencinipsi;GAL;Senate
Nugnes Paola;paolanugnes1;M5S;Senate
Olivero Andrea;AndreaOlivero;GAL;Senate
Orellana Luis Alberto;luisorel;GAL;Senate
Orr√π Pamela;pamela_orr;PD;Senate
PADUA Venera;VeneraPadua;PD;Senate
PANIZZA Franco;panizza_f;GAL;Senate
PARENTE Annamaria;Am_Parente;PD;Senate
PEGORER Carlo;CarloPegorerPD;MISTO;Senate
PETRAGLIA Alessia;ale_petraglia;MISTO;Senate
PEZZOPANE Stefania;stefaniapezzopa;PD;Senate
PIGNEDOLI Leana;LeanaPignedoli;PD;Senate
PINOTTI Roberta;robertapinotti;PD;Senate
PUPPATO Laura;LauraPuppato;PD;Senate
Pagliari Giorgio;PAGLIARIG;PD;Senate
Paglini Sara;sarapaglinicarr;M5S;Senate
Palermo Francesco;franzpalermo;GAL;Senate
Pepe Bartolomeo;BartolomeoPepe;GAL;Senate
Petrocelli Vito;vitopetrocelli;M5S;Senate
Puglia Sergio;sergiopuglia;M5S;Senate
Puglisi Francesca;PuglisiPD;PD;Senate
Quagliariello Gaetano;QuagliarielloG;GAL;Senate
RAZZI Antonio;senantoniorazzi;FI-PDL;Senate
REPETTI Manuela;manuela_repetti;MISTO;Senate
RICCHIUTI Lucrezia;LucrezRicchiuti;MISTO;Senate
RIZZOTTI Maria;Maria_Rizzotti;FI-PDL;Senate
ROMANI Paolo;_paolo_romani_;FI-PDL;Senate
Romani Maurizio;Mau3112;MISTO;Senate
Romano Lucio;LucioRomano02;GAL;Senate
Russo Francesco;francescorusso;PD;Senate
SACCONI Maurizio;MaurizioSacconi;AP;Senate
SAGGESE Angelica;asagge;PD;Senate
SCALIA Francesco;f_scalia;PD;Senate
SCHIFANI Renato Giuseppe;RenatoSchifani;FI-PDL;Senate
STEFANO Dario;DarioStefano;MISTO;Senate
STUCCHI Giacomo;giacomos;LEGA;Senate
SUSTA Gianluca;GianlucaSusta;PD;Senate
Santini Giorgio;gsantini1;PD;Senate
Scibona Marco;loscibo;M5S;Senate
Scoma Francesco;francesco_scoma;FI-PDL;Senate
Silvestro Annalisa;ALSilvestro;PD;Senate
Sonego Lodovico;LodovicoSonego;MISTO;Senate
Spilabotte Maria;SenMSpilabotte;PD;Senate
TOCCI Walter;tocciw;PD;Senate
TOMASELLI Salvatore;SalvTomaselli;PD;Senate
TONINI Giorgio;giotoni;PD;Senate
TORRISI Salvo;SalvoTorrisii;AP;Senate
TURANO Renato Guerino;RenatoTurano;PD;Senate
Taverna Paola;PDedde;M5S;Senate
URAS Luciano;LucianoUras;MISTO;Senate
VACCARI Stefano;Tetovaccari;PD;Senate
VALDINOSI Mara;MValdinosi;PD;Senate
VERDINI Denis;DenisVerdini;AL-A;Senate
VERDUCCI Francesco;cescverducci;PD;Senate
VICARI Simona;SimonaVicari;AP;Senate
VOLPI Raffaele;raffaele_volpi;LEGA;Senate
Vattuone Vito;vvattuone;PD;Senate
Zizza Vittorio;VittorioZizza2;MISTO;Senate
ABRIGNANI Ignazio;abrignani_i;FI-PDL;House of Representatives
ADORNATO Ferdinando;adornatoliberal;SCPI;House of Representatives
AGOSTINI Roberta;robertagostini_;PD;House of Representatives
AIRAUDO Giorgio;GAiraudo;SI-SEL;House of Representatives
ALBERTI Ferdinando;dinoalberti;M5S;House of Representatives
ALFANO Angelino;angealfa;PD;House of Representatives
ALFANO Gioacchino;g_alfano;PD;House of Representatives
ALLI Paolo;paoloalli;PD;House of Representatives
AMENDOLA Vincenzo;amendolaenzo;PD;House of Representatives
ARGENTIN Ileana;IleanaArgentin;PD;House of Representatives
ARLOTTI Tiziano;TizianoArlotti;PD;House of Representatives
ARTINI Massimo;MassimoArtini;M5S;House of Representatives
ASCANI Anna;AnnaAscani;PD;House of Representatives
BALDASSARRE Marco;kito_84;M5S;House of Representatives
BALDELLI Simone;simonebaldelli;FI-PDL;House of Representatives
BARBANTI Sebastiano;SBarbanti;M5S;House of Representatives
BARETTA Pier Paolo;PPBaretta;PD;House of Representatives
BARGERO Cristina;CristinaBargero;PD;House of Representatives
BARONI Massimo Enrico;M5S_Baroni;M5S;House of Representatives
BARUFFI Davide;Davidebaruffi;PD;House of Representatives
BASILIO Tatiana;tatianabasilio1;M5S;House of Representatives
BASSO Lorenzo;lorenzobasso;PD;House of Representatives
BAZOLI Alfredo;alfredobazoli;PD;House of Representatives
BECATTINI Lorenzo;lorebecattini;PD;House of Representatives
BECHIS Eleonora;EleonoraBechis;M5S;House of Representatives
BELLANOVA Teresa;TeresaBellanova;PD;House of Representatives
BENAMATI Gianluca;GBenamati;PD;House of Representatives
BENEDETTI Silvia;SilviaBM5S;M5S;House of Representatives
BENI Paolo;Paolo_Beni;PD;House of Representatives
BERGAMINI Deborah;DeborahBergamin;FI-PDL;House of Representatives
BERLINGHIERI Marina;M_Berlinghieri;PD;House of Representatives
BERNARDO Maurizio;liberidifare;PD;House of Representatives
BERNINI Massimiliano;MBernini_M5S;M5S;House of Representatives
BERNINI Paolo;Paolj;M5S;House of Representatives
BERRETTA Giuseppe;G_Berretta;PD;House of Representatives
BERSANI Pier Luigi;pbersani;PD;House of Representatives
BIANCHI Dorina;dorina_bianchi;PD;House of Representatives
BIANCHI Nicola;nicola_bianchi;M5S;House of Representatives
BIANCOFIORE Michaela;BiancofioreMiky;FI-PDL;House of Representatives
BIANCONI Maurizio;On_Bianconi;FI-PDL;House of Representatives
BIASOTTI Sandro;sandrobiasotti;FI-PDL;House of Representatives
BINDI Rosy;rosy_bindi;PD;House of Representatives
BINETTI Paola;paolabinetti;SCPI;House of Representatives
BINI Caterina;caterinabini;PD;House of Representatives
BIONDELLI Franca;francabiondelli;PD;House of Representatives
BOBBA Luigi;LuigiBobba;PD;House of Representatives
BOCCADUTRI Sergio;boccadutri;SI-SEL;House of Representatives
BOCCIA Francesco;F_Boccia;PD;House of Representatives
BOCCUZZI Antonio;BoccuzziAntonio;PD;House of Representatives
BOLDRINI Laura;lauraboldrini;SI-SEL;House of Representatives
BOLDRINI Paola;boldrini_paola;PD;House of Representatives
BOLOGNESI Paolo;paolobolognesi_;PD;House of Representatives
BONAFEDE Alfonso;AlfonsoBonafede;M5S;House of Representatives
BONIFAZI Francesco;FrancescoBonif1;PD;House of Representatives
BONOMO Francesca;FraBonomo;PD;House of Representatives
BORDO Franco;FrancoBordo1;SI-SEL;House of Representatives
BORDO Michele;bordomichele;PD;House of Representatives
BORGHESE Mario;MarioBorgheseOK;MISTO;House of Representatives
BORGHESI Stefano;BorghesiStefano;LEGA;House of Representatives
BORGHI Enrico;EnricoBorghi1;PD;House of Representatives
BORLETTI DELL'ACQUA Ilaria Carla Anna;ilaborletti;SCPI;House of Representatives
BOSCHI Maria Elena;mariaelenabosch;PD;House of Representatives
BOSSA Luisa;LBcameralive;PD;House of Representatives
BRAGA Chiara;bragachiara;PD;House of Representatives
BRAGANTINI Paola;PaolaBragantini;PD;House of Representatives
BRAMBILLA Michela Vittoria;mvbrambilla;FI-PDL;House of Representatives
BRATTI Alessandro;alebratti;PD;House of Representatives
BRESCIA Giuseppe;g_brescia;M5S;House of Representatives
BRUNETTA Renato;renatobrunetta;FI-PDL;House of Representatives
BRUNO BOSSIO Vincenza;enzabrunobossio;PD;House of Representatives
BUENO Renata;RenataBueno23;MISTO;House of Representatives
BUONANNO Gianluca;BuonannoG;LEGA;House of Representatives
BUSIN Filippo;FilippoBusin;LEGA;House of Representatives
BUSINAROLO Francesca;FrancBusinarolo;M5S;House of Representatives
BUSTO Mirko;MirkoBusto;M5S;House of Representatives
CALABRIA Annagrazia;AngieCalabria;FI-PDL;House of Representatives
CAMPANA Micaela;micaela_campana;PD;House of Representatives
CANCELLERI Azzurra Pia Maria;Azzurra_C;M5S;House of Representatives
CANI Emanuele;emacani;PD;House of Representatives
CAON Roberto;RobertoCaonLN;LEGA;House of Representatives
CAPARINI Davide;davidecaparini;LEGA;House of Representatives
CAPEZZONE Daniele;Capezzone;FI-PDL;House of Representatives
CAPONE Salvatore;SalvCapone;PD;House of Representatives
CAPOZZOLO Sabrina;SabriCapozzolo;PD;House of Representatives
CARBONE Ernesto;ernestocarbone;PD;House of Representatives
CARFAGNA Maria Rosaria;mara_carfagna;FI-PDL;House of Representatives
CARIELLO Francesco;CarielFr;M5S;House of Representatives
CARINELLI Paola;berenice0104;M5S;House of Representatives
CARNEVALI Elena;ElenaCarnevali;PD;House of Representatives
CARRA Marco;onMarcoCarra;PD;House of Representatives
CARRESCIA Piergiorgio;PgCarrescia;PD;House of Representatives
CARROZZA Maria Chiara;MC_Carro;PD;House of Representatives
CASATI Ezio Primo;EzioCasati;PD;House of Representatives
CASELLATO Floriana;CasellatoFlo;PD;House of Representatives
CASO Vincenzo;Enzokas;M5S;House of Representatives
CASTELLI Laura;LaCastelliM5s;M5S;House of Representatives
CASTIGLIONE Giuseppe;G_Castiglione;PD;House of Representatives
CATALANO Ivan;ivancatalanom5s;M5S;House of Representatives
CATANIA Mario;mario_catania;COR;House of Representatives
CAUSIN Andrea;Andreacausin72;SCPI;House of Representatives
CECCONI Andrea;andreacecconi84;M5S;House of Representatives
CENNI Susanna;susannacenni;PD;House of Representatives
CENSORE Bruno;BrunoCensore;PD;House of Representatives
CENTEMERO Elena;ElenaCentemero;FI-PDL;House of Representatives
CERA Angelo;angelocera;SCPI;House of Representatives
CESARO Antimo;cesaroprof;COR;House of Representatives
CESARO Luigi;Cesaro_FI;FI-PDL;House of Representatives
CHAOUKI Khalid;KhalidChaouki3;PD;House of Representatives
CHIARELLI Gianfranco Giovanni;avvChiarelli;FI-PDL;House of Representatives
CHIMIENTI Silvia;silviachimienti;M5S;House of Representatives
CICCHITTO Fabrizio;cicchittofabriz;PD;House of Representatives
CIMBRO Eleonora;CimbroEleonora;PD;House of Representatives
CIPRINI Tiziana;TiziCip;M5S;House of Representatives
CIRACI' Nicola;nciraci;FI-PDL;House of Representatives
CIRIELLI Edmondo;edmondocirielli;MISTO;House of Representatives
CIVATI Giuseppe;civati;PD;House of Representatives
COCCIA Laura;laura_coccia;PD;House of Representatives
COLLETTI Andrea;AndCol81;M5S;House of Representatives
COLONNESE Vega;VegaColonnese;M5S;House of Representatives
COMINARDI Claudio;QUINTOCITTADINO;M5S;House of Representatives
COMINELLI Miriam;miriamcominelli;PD;House of Representatives
COPPOLA Paolo;coppolapaolo;PD;House of Representatives
CORDA Emanuela;Emanuela_Corda;M5S;House of Representatives
CORSARO Massimo Enrico;MassimoCorsaro;MISTO;House of Representatives
COSTANTINO Celeste;CelesteCost;SI-SEL;House of Representatives
COVA Paolo;paolo_cova;PD;House of Representatives
COVELLO Stefania;CovelloStefania;PD;House of Representatives
COZZOLINO Emanuele;e_cozzolino;M5S;House of Representatives
CRIMI' Filippo;f_crimi;PD;House of Representatives
CRIPPA Davide;crippa5stelle;M5S;House of Representatives
CRIVELLARI Diego;ConCrivellari;PD;House of Representatives
CULOTTA Magda;MagdaCulotta;PD;House of Representatives
CUPERLO Giovanni;giannicuperlo;PD;House of Representatives
CURRO' Tommaso;Tom_Curro;M5S;House of Representatives
D'AGOSTINO Angelo Antonio;dagostinoange;SCPI;House of Representatives
D'ALESSANDRO Luca;lucadalex;FI-PDL;House of Representatives
D'ALIA Gianpiero;gianpierodalia;SCPI;House of Representatives
D'AMBROSIO Giuseppe;GiuseppeDAmbro1;M5S;House of Representatives
D'INCA' Federico;FedericoDinca;M5S;House of Representatives
D'OTTAVIO Umberto;umbertodott;PD;House of Representatives
D'UVA Francesco;F_DUva;M5S;House of Representatives
DADONE Fabiana;DadoneFabiana;M5S;House of Representatives
DAGA Federica;FedericaDaga;M5S;House of Representatives
DAL MORO Gian Pietro;giannidalmoro;PD;House of Representatives
DALL'OSSO Matteo;matteodallosso;M5S;House of Representatives
DALLAI Luigi;LuigiDallai;PD;House of Representatives
DAMIANO Cesare;Cesare_Damiano;PD;House of Representatives
DE GIROLAMO Nunzia;N_DeGirolamo;PD;House of Representatives
DE LORENZIS Diego;DiegoDeLorenzis;M5S;House of Representatives
DE MARIA Andrea;andreademaria_;PD;House of Representatives
DE MENECH Roger;RogerDeMenech;PD;House of Representatives
DE MICHELI Paola;paola_demicheli;PD;House of Representatives
DE MITA Giuseppe;GiuseppeDeMita1;SCPI;House of Representatives
DE ROSA Massimo Felice;Maxdero;M5S;House of Representatives
DEL GROSSO Daniele;DgPilot81;M5S;House of Representatives
DELL'ARINGA Carlo;dellaringa_c;PD;House of Representatives
DELL'ORCO Michele;dellorco85;M5S;House of Representatives
DELLA VALLE Ivan;IvanDellaValle;M5S;House of Representatives
DELLAI Lorenzo;lorenzodellai;SCPI;House of Representatives
DI BENEDETTO Chiara;Chiara_DiBe;M5S;House of Representatives
DI LELLO Marco;Marco_Di_Lello;MISTO;House of Representatives
DI MAIO Luigi;luigidimaio;M5S;House of Representatives
DI MAIO Marco;marcodimaio;PD;House of Representatives
DI SALVO Titti;titti_disalvo;SI-SEL;House of Representatives
DI STEFANO Manlio;ManlioDS;M5S;House of Representatives
DI VITA Giulia;GiuliaDiVita;M5S;House of Representatives
DIENI Federica;federicadieni;M5S;House of Representatives
DONATI Marco;marcodonats;PD;House of Representatives
EPIFANI Ettore Guglielmo;gu_epifani;PD;House of Representatives
ERMINI David;DavidErmini1;PD;House of Representatives
FABBRI Marilena;marifabbri;PD;House of Representatives
FAMIGLIETTI Luigi;luifam;PD;House of Representatives
FANTINATI Mattia;MFantinati;M5S;House of Representatives
FANUCCI Edoardo;EdoardoFanucci;PD;House of Representatives
FARAONE Davide;davidefaraone;PD;House of Representatives
FARINA Daniele;danielefarina3;SI-SEL;House of Representatives
FASSINA Stefano;StefanoFassina;PD;House of Representatives
FAVA Claudio;claudiofava1;SI-SEL;House of Representatives
FEDI Marco;MarcoFedi58;PD;House of Representatives
FEDRIGA Massimiliano;M_Fedriga;LEGA;House of Representatives
FERRARA Francesco Detto Ciccio;;SI-SEL;House of Representatives
FERRARESI Vittorio;Ferraresi_V;M5S;House of Representatives
FERRARI Alan;alnferrari;PD;House of Representatives
FIANO Emanuele;emanuelefiano;PD;House of Representatives
FICO Roberto;Roberto_Fico;M5S;House of Representatives
FOLINO Vincenzo;vincenzofolino;PD;House of Representatives
FONTANA Gregorio;Greg_Fontana;FI-PDL;House of Representatives
FOSSATI Filippo;filippofossati;PD;House of Representatives
FRACCARO Riccardo;riccardo_fra;M5S;House of Representatives
FRAGOMELI Gian Mario;GianmarioFrago;PD;House of Representatives
FRANCESCHINI Dario;dariofrance;PD;House of Representatives
FRATOIANNI Nicola;NFratoianni;SI-SEL;House of Representatives
FREGOLENT Silvia;SilviaFregolent;PD;House of Representatives
FRUSONE Luca;lucafrusone;M5S;House of Representatives
GADDA Maria Chiara;McGadda;PD;House of Representatives
GAGNARLI Chiara;chiara_201181;M5S;House of Representatives
GALATI Giuseppe;GiuseppeGalati;FI-PDL;House of Representatives
GALGANO Adriana;AdrianaGalgano;COR;House of Representatives
GALLI Giampaolo;GiampaoloGalli;PD;House of Representatives
GALLINELLA Filippo;Gallinella_F;M5S;House of Representatives
GALLO Luigi;LuigiGallo15;M5S;House of Representatives
GANDOLFI Paolo;paologandolfi;PD;House of Representatives
GARAVINI Laura;LauraGaravini;PD;House of Representatives
GARNERO SANTANCHE' Daniela;DSantanche;FI-PDL;House of Representatives
GAROFALO Vincenzo;vigarofalo;PD;House of Representatives
GASPARINI Daniela Matilde Maria;gasparini2013;PD;House of Representatives
GELLI Federico;federicogelli;PD;House of Representatives
GELMINI Mariastella;msgelmini;FI-PDL;House of Representatives
GENTILONI SILVERI Paolo;PaoloGentiloni;PD;House of Representatives
GHIZZONI Manuela;ManuGhizzoni;PD;House of Representatives
GIACHETTI Roberto;bobogiac;PD;House of Representatives
GIACOBBE Anna;AnnaGiacobbe3;PD;House of Representatives
GIACOMELLI Antonello;Antonellogiac;PD;House of Representatives
GIAMMANCO Gabriella;GabriGiammanco;FI-PDL;House of Representatives
GIGLI Gian Luigi;Gianluigi_Gigli;SCPI;House of Representatives
GINATO Federico;FedericoGinato;PD;House of Representatives
GINEFRA Dario;DarioGinefra;PD;House of Representatives
GIORDANO Giancarlo;gianca_giordano;SI-SEL;House of Representatives
GIORDANO Silvia;giosilvia86;M5S;House of Representatives
GITTI Gregorio;gregoriogitti;SCPI;House of Representatives
GIULIANI Fabrizia;FabriziaGiulian;PD;House of Representatives
GIULIETTI Giampiero;GiuliettiD2013;PD;House of Representatives
GOZI Sandro;sandrogozi;PD;House of Representatives
GRANDE Marta;MartaGrande87;M5S;House of Representatives
GRASSI Gero;GRASSIGERO;PD;House of Representatives
GREGORI Monica;monica_gregori1;PD;House of Representatives
GRILLO Giulia;GiuliaGrilloM5S;M5S;House of Representatives
GRIMOLDI Paolo;GrimoldiPaolo;LEGA;House of Representatives
GUERINI Giuseppe;beppe_gue;PD;House of Representatives
GUERINI Lorenzo;guerini_lorenzo;PD;House of Representatives
GUIDESI Guido;GuidoGuidesi;LEGA;House of Representatives
GUTGELD Itzhak Yoram;YoramGutgeld;PD;House of Representatives
IANNUZZI Cristian;CrippoX;M5S;House of Representatives
IMPEGNO Leonardo;leonardoimpegno;PD;House of Representatives
INCERTI Antonella;antoincerti;PD;House of Representatives
IORI Vanna;vannaio;PD;House of Representatives
KRONBICHLER Florian;florkronbichler;SI-SEL;House of Representatives
L'ABBATE Giuseppe;baffone5stelle;M5S;House of Representatives
LA MARCA Francesca;FrancescaLaMar;PD;House of Representatives
LA RUSSA Ignazio;Ignazio_LaRussa;MISTO;House of Representatives
LACQUANITI Luigi;LuigiLacqua;SI-SEL;House of Representatives
LATRONICO Cosimo;CosimoLatronico;FI-PDL;House of Representatives
LATTUCA Enzo;enzlat;PD;House of Representatives
LAURICELLA Giuseppe;Giu_Lauricella;PD;House of Representatives
LAVAGNO Fabio;flavagno;SI-SEL;House of Representatives
LENZI Donata;DonataLenzi;PD;House of Representatives
LETTA Enrico;EnricoLetta;PD;House of Representatives
LEVA Danilo;LevaDanilo;PD;House of Representatives
LIBRANDI Gianfranco;GFLibrandi;COR;House of Representatives
LIUZZI Mirella;mirellaliuzzi;M5S;House of Representatives
LOCATELLI Pia Elda;PiaLocatelli;MISTO;House of Representatives
LODOLINI Emanuele;ELodolini;PD;House of Representatives
LOMBARDI Roberta;robertalombardi;M5S;House of Representatives
LOREFICE Marialucia;Mlucialorefice;M5S;House of Representatives
LORENZIN Beatrice;bealorenzin;PD;House of Representatives
LOSACCO Alberto;albertolosacco;PD;House of Representatives
LOTTI Luca;LottiLuca;PD;House of Representatives
LUPI Maurizio;Maurizio_Lupi;PD;House of Representatives
MADIA Maria Anna;mariannamadia;PD;House of Representatives
MAESTRI Patrizia;MaestriPatrizia;PD;House of Representatives
MAGORNO Ernesto;Emagorno;PD;House of Representatives
MALPEZZI Simona Flavia;megmalp;PD;House of Representatives
MANCIULLI Andrea;AndreaManciulli;PD;House of Representatives
MANFREDI Massimiliano;ManfrediTW;PD;House of Representatives
MANNINO Claudia;ManninoClaudia;M5S;House of Representatives
MANTERO Matteo;manterom5s;M5S;House of Representatives
MANZI Irene;ManziIrene;PD;House of Representatives
MARAZZITI Mario;mariomarazziti;SCPI;House of Representatives
MARCHI Maino;MMarchi57;PD;House of Representatives
MARCON Giulio;GiulioMarcon1;SI-SEL;House of Representatives
MARIANI Raffaella;mariraf;PD;House of Representatives
MARRONI Umberto;UMarroni;PD;House of Representatives
MARTELLA Andrea;andreamartella;PD;House of Representatives
MARTELLI Giovanna;giova_martelli;PD;House of Representatives
MARTI Roberto;RobertinoMarti;FI-PDL;House of Representatives
MARTINELLI Marco;martinelliocram;FI-PDL;House of Representatives
MARTINO Pierdomenico;Piero_Martino;PD;House of Representatives
MARZANO Michela;MichelaMarzano;PD;House of Representatives
MATTIELLO Davide;mattiellodavide;PD;House of Representatives
MAURI Matteo;mmauri_pd;PD;House of Representatives
MAZZIOTTI DI CELSO Andrea;_AMazziotti;COR;House of Representatives
MAZZOLI Alessandro;mazzoli2013;PD;House of Representatives
MELILLA Gianni;GianniMelilla;SI-SEL;House of Representatives
MELONI Giorgia;GiorgiaMeloni;MISTO;House of Representatives
MELONI Marco;marcomeloni;PD;House of Representatives
META Michele Pompeo;michele_meta;PD;House of Representatives
MICCOLI Marco;marcomiccoli1;PD;House of Representatives
MICILLO Salvatore;micillom5s;M5S;House of Representatives
MIGLIORE Gennaro;gennaromigliore;SI-SEL;House of Representatives
MINARDO Antonino;NinoMinardo;PD;House of Representatives
MINNUCCI Emiliano;eminnucci;PD;House of Representatives
MISIANI Antonio;antoniomisiani;PD;House of Representatives
MISURACA Dore;doremisuraca;PD;House of Representatives
MOGHERINI Federica;FedericaMog;PD;House of Representatives
MOLEA Bruno;MoleaBruno;COR;House of Representatives
MOLTENI Nicola;NicolaMolteni;LEGA;House of Representatives
MONGIELLO Colomba;ColombaMongiell;PD;House of Representatives
MORANI Alessia;AlessiaMorani;PD;House of Representatives
MORASSUT Roberto;RMorassut;PD;House of Representatives
MORETTO Sara;sara_moretto;PD;House of Representatives
MOSCATT Antonino;ToninoMoscatt;PD;House of Representatives
MOTTOLA Giovanni Carlo Francesco;;FI-PDL;House of Representatives
MUCCI Mara;mara_mucci;M5S;House of Representatives
MURA Romina;RominaMura;PD;House of Representatives
NARDI Martina;martinanardi4;SI-SEL;House of Representatives
NARDUOLO Giulia;GNarduolo;PD;House of Representatives
NESCI Dalila;DalilaNesci;M5S;House of Representatives
NESI Edoardo;edoardonesi1;SCPI;House of Representatives
NICCHI Marisa;MarisaNicchi;SI-SEL;House of Representatives
NUTI Riccardo;Riccardo_Nuti;M5S;House of Representatives
OCCHIUTO Roberto;robertoocchiuto;FI-PDL;House of Representatives
ORFINI Matteo;orfini;PD;House of Representatives
ORLANDO Andrea;AndreaOrlandosp;PD;House of Representatives
PAGANO Alessandro;alepaganotwit;PD;House of Representatives
PAGLIA Giovanni;GiovanniPaglia;SI-SEL;House of Representatives
PALAZZOTTO Erasmo;EPalazzotto;SI-SEL;House of Representatives
PALESE Rocco;RoccoPalese1;FI-PDL;House of Representatives
PALMIERI Antonio;antoniopalmieri;FI-PDL;House of Representatives
PANNARALE Annalisa;AnnalisaPanna;SI-SEL;House of Representatives
PARENTELA Paolo;PaoloParentela;M5S;House of Representatives
PARIS Valentina;paris_valentina;PD;House of Representatives
PARISI Massimo;mparisi68;FI-PDL;House of Representatives
PARRINI Dario;DarioParrini;PD;House of Representatives
PASTORELLI Oreste;OrestePastorell;MISTO;House of Representatives
PASTORINO Luca;lucapasto71;PD;House of Representatives
PATRIARCA Edoardo;edopatriarca;PD;House of Representatives
PELILLO Michele;michelepelillo;PD;House of Representatives
PELUFFO Vinicio Giuseppe Guido;Vpeluffo;PD;House of Representatives
PES Caterina;caterinapes;PD;House of Representatives
PETRINI Paolo;PaoloPetrini;PD;House of Representatives
PIAZZONI Ileana Cathia;IleP;SI-SEL;House of Representatives
PICCHI Guglielmo;guglielmopicchi;LEGA;House of Representatives
PICCOLI NARDELLI Flavia;FlaviaNardelli1;PD;House of Representatives
PICCOLO Giorgio;giorgiopiccolo2;PD;House of Representatives
PINI Giuditta;piccolapini;PD;House of Representatives
PINNA Paola;PaoPinna;M5S;House of Representatives
PISANO Girolamo;mimmogp;M5S;House of Representatives
PISO Vincenzo;vincenzopiso;PD;House of Representatives
PORTA Fabio;fabioporta;PD;House of Representatives
PRATAVIERA Emanuele;EPrataviera;LEGA;House of Representatives
PRESTIGIACOMO Stefania;stefprest;FI-PDL;House of Representatives
PREZIOSI Ernesto;ernestopreziosi;PD;House of Representatives
PRINA Francesco;PrinaFra;PD;House of Representatives
QUARANTA Stefano;stefanoquaranta;SI-SEL;House of Representatives
QUARTAPELLE PROCOPIO Lia;LiaQuartapelle;PD;House of Representatives
QUINTARELLI Giuseppe Stefano;quinta;SCPI;House of Representatives
RABINO Mariano;MarianoRabino;SCPI;House of Representatives
RACITI Fausto;faustorac;PD;House of Representatives
RAMPELLI Fabio;fabiorampelli;MISTO;House of Representatives
RAMPI Roberto;rampi;PD;House of Representatives
RAVETTO Laura;lauraravetto;FI-PDL;House of Representatives
REALACCI Ermete;erealacci;PD;House of Representatives
RIBAUDO Francesco;FrancoRibaudo;PD;House of Representatives
RICCIATTI Lara;LaraRicciatti;SI-SEL;House of Representatives
RICHETTI Matteo;MatteoRichetti;PD;House of Representatives
RIZZETTO Walter;w_rizzetto;M5S;House of Representatives
RIZZO Gianluca;gianlucarizzo46;M5S;House of Representatives
ROCCHI Maria Grazia;mgrocchi;PD;House of Representatives
ROMANO Andrea;AndreaRomano9;SCPI;House of Representatives
ROMANO Francesco Saverio;SaverioRomano;FI-PDL;House of Representatives
ROMANO Paolo Nicolo';romanopaolo;M5S;House of Representatives
RONDINI Marco;rondini_marco;LEGA;House of Representatives
ROSATO Ettore;Ettore_Rosato;PD;House of Representatives
ROSSI Domenico;DomenicoRossi51;SCPI;House of Representatives
ROSSOMANDO Anna;RossomandoPd;PD;House of Representatives
ROSTAN Michela;MichelaRostan;PD;House of Representatives
ROSTELLATO Gessica;GeRostellato;M5S;House of Representatives
ROTONDI Gianfranco;grotondi;FI-PDL;House of Representatives
ROTTA Alessia;alessiarotta;PD;House of Representatives
RUBINATO Simonetta;SRubinato;PD;House of Representatives
RUGHETTI Angelo;AngeloRughetti;PD;House of Representatives
RUOCCO Carla;carlaruocco1;M5S;House of Representatives
RUSSO Paolo;_PaoloRusso_;FI-PDL;House of Representatives
SALTAMARTINI Barbara;BSaltamartini;PD;House of Representatives
SALVINI Matteo;matteosalvinimi;AL-A;House of Representatives
SANGA Giovanni;GiovanniSanga;PD;House of Representatives
SANI Luca;LucaSani65;PD;House of Representatives
SANNA Francesco;SenSanna;PD;House of Representatives
SANTERINI Milena;MilenaSanterini;SCPI;House of Representatives
SARTI Giulia;GiuliaSarti86;M5S;House of Representatives
SAVINO Elvira;elvirasavino;FI-PDL;House of Representatives
SAVINO Sandra;Sandra_Savino;FI-PDL;House of Representatives
SBROLLINI Daniela;DaniSbrollini;PD;House of Representatives
SCAGLIUSI Emanuele;E_Scagliusi;M5S;House of Representatives
SCALFAROTTO Ivan;ivanscalfarotto;PD;House of Representatives
SCANU Gian Piero;GianPiero_Scanu;PD;House of Representatives
SCHIRO' Gea;geaschiro;SCPI;House of Representatives
SCOPELLITI Rosanna;ScopelliTweet;PD;House of Representatives
SCOTTO Arturo;Arturo_Scotto;SI-SEL;House of Representatives
SENALDI Angelo;angelo_senaldi;PD;House of Representatives
SERENI Marina;MarinaSereni;PD;House of Representatives
SGAMBATO Camilla;camillasgambato;PD;House of Representatives
SIBILIA Carlo;carlosibilia;M5S;House of Representatives
SIMONETTI Roberto;r_simonetti_;LEGA;House of Representatives
SIMONI Elisa;simoni_elisa;PD;House of Representatives
SORIAL Girgis Giorgio;SorialGiorgio;M5S;House of Representatives
SOTTANELLI Giulio Cesare;sottanelli;SCPI;House of Representatives
SPADONI Maria Edera;mariaederaM5S;M5S;House of Representatives
SPERANZA Roberto;robersperanza;PD;House of Representatives
SPESSOTTO Arianna;Spessotto_M5S;M5S;House of Representatives
SQUERI Luca;LucaSqueri;FI-PDL;House of Representatives
STUMPO Nicola;NicoStumpo;PD;House of Representatives
TABACCI Bruno;BrunoTabacci;MISTO;House of Representatives
TACCONI Alessio;alessiotacconi;M5S;House of Representatives
TAGLIALATELA Marcello;taglialatel;MISTO;House of Representatives
TARICCO Mino;MinoTaricco;PD;House of Representatives
TARTAGLIONE Assunta;asstartaglione;PD;House of Representatives
TENTORI Veronica;VeronicaTentori;PD;House of Representatives
TERZONI Patrizia;PatriziaTerzoni;M5S;House of Representatives
TIDEI Marietta;Mariettatidei;PD;House of Representatives
TINAGLI Irene;itinagli;SCPI;House of Representatives
TOFALO Angelo;AngeloTofalo;M5S;House of Representatives
TONINELLI Danilo;DaniloToninelli;M5S;House of Representatives
TOTARO Achille;TotaroAchille;MISTO;House of Representatives
TURCO Tancredi;tancrediturco;M5S;House of Representatives
VACCA Gianluca;GianlucaVacca;M5S;House of Representatives
VACCARO Guglielmo;vaccaro_g;PD;House of Representatives
VALENTE Simone;ValenteM5S;M5S;House of Representatives
VALENTE Valeria;ValeriaValente_;PD;House of Representatives
VALIANTE Simone;valiante_s;PD;House of Representatives
VALLASCAS Andrea;AndreaVallascas;M5S;House of Representatives
VAZIO Franco;francovazio;PD;House of Representatives
VECCHIO Andrea;andreavecchio39;SCPI;House of Representatives
VELLA Paolo;vellapaolo1;FI-PDL;House of Representatives
VELO Silvia;VeloSilvia;PD;House of Representatives
VENITTELLI Laura;LaVenittelli;PD;House of Representatives
VENTRICELLI Liliana;L_Ventricelli;PD;House of Representatives
VEZZALI Maria Valentina;VVezzali;SCPI;House of Representatives
VIGNALI Raffaello;vignali;PD;House of Representatives
VIGNAROLI Stefano;SVignaroli;M5S;House of Representatives
VILLAROSA Alessio Mattia;ale_villarosa;M5S;House of Representatives
VILLECCO CALIPARI Rosa Maria;RosaCalipari;PD;House of Representatives
VITO Elio;elio_vito;FI-PDL;House of Representatives
ZACCAGNINI Adriano;ZaccagniniAdri;M5S;House of Representatives
ZAMPA Sandra;szampa56;PD;House of Representatives
ZAN Alessandro;zanalessandro;SI-SEL;House of Representatives
ZANETTI Enrico;enrico_zanetti;SCPI;House of Representatives
ZANIN Giorgio;Giorgio_Zanin;PD;House of Representatives
ZARDINI Diego;DiegoZardini;PD;House of Representatives
ZOGGIA Davide;DZoggia;PD;House of Representatives